FeatureSet,Model,MAE_mean,MAE_std,R2_mean,R2_std
base,Gradient Boosting,0.4969329797606356,0.018300689871162165,0.7312585519095247,0.05105227167351522
conj,Gradient Boosting,0.41678228554087343,0.018046225627601806,0.7793303105309489,0.04454700483881312
conj_fp,Gradient Boosting,0.41504421798114405,0.020330301660277685,0.7883779240553345,0.036346508712050064
base,Random Forest,0.4995879724838444,0.02495807293664688,0.7296591945447991,0.03775635454615658
conj,Random Forest,0.4019140325375011,0.021343892553099778,0.7885646571197276,0.04259002546926278
conj_fp,Random Forest,0.5186915699999781,0.027286938149247802,0.7192950292549328,0.03125488778917406
base,Ridge Regression,0.6344692349433899,0.027820165878560267,0.5897105216979981,0.06642867520538148
conj,Ridge Regression,0.6037637710571289,0.027605231547815627,0.6232888460159302,0.05127413532143974
conj_fp,Ridge Regression,0.6369166731834411,0.022649802022533548,0.636146068572998,0.025219121927186276
